{
    "model": "dolphin3:latest",
    "totalInferences": 58,
    "totalTime": "49.89s",
    "statistics": [
        {
            "mainMetrics": [
                {
                    "precision": 0.38461538461538464,
                    "specificity": 0.42857142857142855,
                    "recall": 0.3333333333333333,
                    "f1_score": 0.3571428571428571,
                    "accuracy": 0.3793103448275862
                }
            ],
            "mainRates": [
                {
                    "success_rate": 0.3793103448275862,
                    "fail_rate": 0.6206896551724138,
                    "error_rate": 0.0
                }
            ],
            "otherRates": [
                {
                    "error_on_positive_or_malignant_rate": 0.0,
                    "error_on_negative_or_benign_rate": 0.0,
                    "false_positive_rate": 0.5714285714285714,
                    "false_negative_rate": 0.6666666666666666
                }
            ]
        }
    ]
}